{
  "shuffle": true,
  "subset": null,
  "min_freq": 75,
  "lower": true,
  "stem": false,
  "analyzer": "char_wb",
  "ngram_max_range": 4,
  "alpha": 0.0001,
  "learning_rate": 0.6763528904630179,
  "power_t": 0.274719853758705,
  "num_epochs": 100,
  "threshold": 0.34027730505187415
}